-- phpMyAdmin SQL Dump
-- version 4.1.12
-- http://www.phpmyadmin.net
--
-- Host: 127.0.0.1
-- Generation Time: Sep 27, 2014 at 12:11 PM
-- Server version: 5.6.16
-- PHP Version: 5.5.11

SET SQL_MODE = "NO_AUTO_VALUE_ON_ZERO";
SET time_zone = "+00:00";


/*!40101 SET @OLD_CHARACTER_SET_CLIENT=@@CHARACTER_SET_CLIENT */;
/*!40101 SET @OLD_CHARACTER_SET_RESULTS=@@CHARACTER_SET_RESULTS */;
/*!40101 SET @OLD_COLLATION_CONNECTION=@@COLLATION_CONNECTION */;
/*!40101 SET NAMES utf8 */;

--
-- Database: `ngidesehat`
--

-- --------------------------------------------------------

--
-- Table structure for table `auth`
--

CREATE TABLE IF NOT EXISTS `auth` (
  `email` varchar(32) NOT NULL,
  `password` varchar(32) NOT NULL,
  PRIMARY KEY (`email`)
) ENGINE=InnoDB DEFAULT CHARSET=utf8;

--
-- Dumping data for table `auth`
--

INSERT INTO `auth` (`email`, `password`) VALUES
('0000000000000', '92eb5ffee6ae2fec3ad71c777531578f'),
('1111111111111', '0cc175b9c0f1b6a831c399e269772661'),
('admin@admin.com', '21232f297a57a5a743894a0e4a801fc3');

-- --------------------------------------------------------

--
-- Table structure for table `code_service`
--

CREATE TABLE IF NOT EXISTS `code_service` (
  `name` varchar(3) NOT NULL,
  `service` varchar(128) NOT NULL,
  PRIMARY KEY (`name`)
) ENGINE=InnoDB DEFAULT CHARSET=utf8;

--
-- Dumping data for table `code_service`
--

INSERT INTO `code_service` (`name`, `service`) VALUES
('a1', 'Administrasi pelayanan'),
('a2', 'Pelayanan promotif dan preventif'),
('a3', 'Pemeriksaan, pengobatan dan konsultasi medis'),
('a4', 'Tindakan medis non spesialistik, baik operatif maupun non operatif'),
('a5', 'Pelayanan obat dan bahan medis habis pakai'),
('a6', 'Transfusi darah sesuai kebutuhan medis'),
('a7', 'Pemeriksaan penunjang diagnosis laboratorium tingkat pertama'),
('a8', 'Rawat inap tingkat pertama sesuai indikasi'),
('b1a', 'Administrasi pelayanan'),
('b1b', 'Pemeriksaan, pengobatan dan konsultasi spesialistik oleh dokter spesialis dan sub spesialis'),
('b1c', 'Tindakan medis spesialistik sesuai dengan indikasi medis'),
('b1d', 'Pelayanan obat dan bahan medis habis pakai'),
('b1e', 'Pelayanan alat kesehatan implant'),
('b1f', 'Pelayanan penunjang diagnostic lanjutan sesuai dengan indikasi medis'),
('b1g', 'Rehabilitasi medis'),
('b1h', 'Pelayanan darah'),
('b1i', 'Pelayanan kedokteran forensik'),
('b1j', 'Pelayanan jenazah di fasilitas kesehatan'),
('b2a', 'Perawatan inap non intensif'),
('b2b', 'Perawatan inap di ruang intensif'),
('b2c', 'Pelayanan kesehatan lain yang ditetapkan oleh menteri');

-- --------------------------------------------------------

--
-- Table structure for table `faskes`
--

CREATE TABLE IF NOT EXISTS `faskes` (
  `id` int(11) NOT NULL AUTO_INCREMENT,
  `branch` varchar(32) NOT NULL,
  `kabupaten` varchar(32) NOT NULL,
  `type` varchar(2) NOT NULL,
  `name` varchar(32) NOT NULL,
  `address` varchar(256) NOT NULL,
  `tel` varchar(16) DEFAULT NULL,
  `class` int(11) DEFAULT NULL,
  `kec` varchar(32) DEFAULT NULL,
  `lat` double NOT NULL,
  `lng` double NOT NULL,
  PRIMARY KEY (`id`)
) ENGINE=InnoDB  DEFAULT CHARSET=utf8 AUTO_INCREMENT=274 ;

--
-- Dumping data for table `faskes`
--

INSERT INTO `faskes` (`id`, `branch`, `kabupaten`, `type`, `name`, `address`, `tel`, `class`, `kec`, `lat`, `lng`) VALUES
(1, 'BANDUNG', 'BANDUNG', 'P1', 'PKM  KODYA', 'JL. WASTUKENCANA NO. 2', NULL, NULL, NULL, -6.90843, 107.607884),
(2, 'BANDUNG', 'BANDUNG', 'P1', 'PKM . RUSUNAWA', 'JL Cingised Komp. Rumah Susun RT 02/06', NULL, NULL, NULL, -6.927593, 107.677184),
(3, 'BANDUNG', 'BANDUNG', 'P1', 'PKM. AHMAD YANI', 'JL. CIANJUR NO. 23', NULL, NULL, NULL, -6.916354, 107.631546),
(4, 'BANDUNG', 'BANDUNG', 'P1', 'PKM. ANTAPANI', 'JL. TERS. KEBAKTIAN', NULL, NULL, NULL, -6.917427, 107.664626),
(5, 'BANDUNG', 'BANDUNG', 'P1', 'PKM. ARCAMANIK', 'JL. GOLF TIMUR III NO. 7', NULL, NULL, NULL, -6.91787, 107.671093),
(6, 'BANDUNG', 'BANDUNG', 'P1', 'PKM. ASTANAANYAR', 'JL. PAJAGALAN NO. 72', NULL, NULL, NULL, -6.926008, 107.600666),
(7, 'BANDUNG', 'BANDUNG', 'P1', 'PKM. BABAKAN SARI', 'JL. KEBAKTIAN I NO. 183', NULL, NULL, NULL, -6.922571, 107.645785),
(8, 'BANDUNG', 'BANDUNG', 'P1', 'PKM. BABAKAN SURABAYA', 'JL. ATLAS VII NO. 25', NULL, NULL, NULL, -6.916024, 107.64737),
(9, 'BANDUNG', 'BANDUNG', 'P1', 'PKM. BABATAN', 'Jl. Babatan No. 4', NULL, NULL, NULL, -6.918244, 107.601111),
(10, 'BANDUNG', 'BANDUNG', 'P1', 'PKM. BUAHBATU', 'Jl. Terusan Buahbatu', NULL, NULL, NULL, -6.956876, 107.639457),
(11, 'BANDUNG', 'BANDUNG', 'P1', 'PKM. CARINGIN', 'JL. CARINGIN 103', NULL, NULL, NULL, -6.94545, 107.584207),
(12, 'BANDUNG', 'BANDUNG', 'P1', 'PKM. CIBIRU', 'Jl. A.H. Nasution No. 47a', NULL, NULL, NULL, -6.903302, 107.663939),
(13, 'BANDUNG', 'BANDUNG', 'P1', 'PKM. CIBOLERANG', 'Jl. Cibolerang No. 187', NULL, NULL, NULL, -6.950488, 107.574839),
(14, 'BANDUNG', 'BANDUNG', 'P1', 'PKM. CIBUNTU', 'JL. SYAH BANDAR 1', NULL, NULL, NULL, -6.916773, 107.575673),
(15, 'BANDUNG', 'BANDUNG', 'P1', 'PKM. SINDANG JAYA', 'Jl. Arcamanik No. 30', NULL, NULL, NULL, -6.898052, 107.681342),
(16, 'BANDUNG', 'BANDUNG', 'P1', 'PKM. CIGONDEWAH', 'Jl. Cigondewah Kaler No. 17', NULL, NULL, NULL, -6.935648, 107.570232),
(17, 'BANDUNG', 'BANDUNG', 'P1', 'PKM. CIJAGRA BARU', 'JL. CIJAGRA NO. 28', NULL, NULL, NULL, -6.945386, 107.626823),
(18, 'BANDUNG', 'BANDUNG', 'P1', 'PKM. CIJAGRA LAMA', 'JL. BUAHBATU NO. 375', NULL, NULL, NULL, -6.933812, 107.619834),
(19, 'BANDUNG', 'BANDUNG', 'P1', 'PKM. CIJERAH', 'JL. MEKARHEGAR I NO. 1', NULL, NULL, NULL, -6.925874, 107.70046),
(20, 'BANDUNG', 'BANDUNG', 'P1', 'PKM. CIKUTRA BARU', 'JL. CIKUTRA TIMUR', NULL, NULL, NULL, -6.900245, 107.643363),
(21, 'BANDUNG', 'BANDUNG', 'P1', 'PKM. CIKUTRA LAMA', 'JL. CIKUTRA NO. 5', NULL, NULL, NULL, -6.900607, 107.643709),
(22, 'BANDUNG', 'BANDUNG', 'P1', 'PKM. CILENGKRANG I', 'Jl. Cilengkrang I No. 130', NULL, NULL, NULL, -6.911214, 107.715224),
(23, 'BANDUNG', 'BANDUNG', 'P1', 'PKM. CIPADUNG', 'Jl. Cigagak', NULL, NULL, NULL, -6.92482, 107.717203),
(24, 'BANDUNG', 'BANDUNG', 'P1', 'PKM. CIPAKU', 'JL. CIPAKU NO. 11', NULL, NULL, NULL, -6.863537, 107.596705),
(25, 'BANDUNG', 'BANDUNG', 'P1', 'PKM. CIPAMOKOLAN', 'JL. CIPAMOKOLAN', NULL, NULL, NULL, -6.950777, 107.676489),
(26, 'BANDUNG', 'BANDUNG', 'P1', 'PKM. CISARANTEN', 'Jl. Gedebage No. 19A', NULL, NULL, NULL, -6.952145, 107.68747),
(27, 'BANDUNG', 'BANDUNG', 'P1', 'PKM. CITARIP', 'Kopo Gg. Citarip Barat No. 11', NULL, NULL, NULL, -6.938942, 107.585191),
(28, 'BANDUNG', 'BANDUNG', 'P1', 'PKM. CIUMBULEUIT', 'JL. BUKIT RESIK I NO. 1', NULL, NULL, NULL, -6.877668, 107.603395),
(29, 'BANDUNG', 'BANDUNG', 'P1', 'PKM. DAGO', 'JL. IR. H. JUANDA NO.360', NULL, NULL, NULL, -6.881588, 107.615758),
(30, 'BANDUNG', 'BANDUNG', 'P1', 'PKM. DARWATI', 'Jl. Raya Derwati No. 38', NULL, NULL, NULL, -6.953417, 107.68277),
(31, 'BANDUNG', 'BANDUNG', 'P1', 'PKM. GARUDA', 'JL. DADALI NO. 81', NULL, NULL, NULL, -6.910987, 107.576618),
(32, 'BANDUNG', 'BANDUNG', 'P1', 'PKM. GIRIMANDE', 'KOMP. GIRIMANDE', NULL, NULL, NULL, -6.88344, 107.674874),
(33, 'BANDUNG', 'BANDUNG', 'P1', 'PKM. GRIYA ANTAPANI', 'JL. PLERED NO. 5 ANTAPANI', NULL, NULL, NULL, -6.915839, 107.659426),
(34, 'BANDUNG', 'BANDUNG', 'P1', 'PKM. GUMURUH', 'JL. RANCAGOONG NO. 11', NULL, NULL, NULL, -6.931902, 107.636967),
(35, 'BANDUNG', 'BANDUNG', 'P1', 'PKM. HUSEIN', 'Jl Pajajaran no. 1 Bandung', NULL, NULL, NULL, -6.906854, 107.59369),
(36, 'BANDUNG', 'BANDUNG', 'P1', 'PKM. JAJAWAY', 'KOMP. PRATISTA', NULL, NULL, NULL, -6.918477, 107.583226),
(37, 'BANDUNG', 'BANDUNG', 'P1', 'PKM. JATIHANDAP', 'JL. JATIHANDAP NO. 6', NULL, NULL, NULL, -6.897007, 107.657848),
(38, 'BANDUNG', 'BANDUNG', 'P1', 'PKM. KARANGSETRA (BOJONAGARA)', 'JL. SINDANG SIRNA NO. 41', NULL, NULL, NULL, -6.87726, 107.595455),
(39, 'BANDUNG', 'BANDUNG', 'P1', 'PKM. KIARACONDONG', 'JL. IBRAHIM AJI NO. 88', NULL, NULL, NULL, -6.918721, 107.644127),
(40, 'BANDUNG', 'BANDUNG', 'P1', 'PKM. KOPO', 'JL. KOPO NO. 369', NULL, NULL, NULL, -6.944005, 107.590521),
(41, 'BANDUNG', 'BANDUNG', 'P1', 'PKM. LEDENG', 'JL. SERSAN BAJURI NO. 2', NULL, NULL, NULL, -6.85357, 107.59171),
(42, 'BANDUNG', 'BANDUNG', 'P1', 'PKM. LIO GENTENG', 'JL. BOJONGLOA DALAM', NULL, NULL, NULL, -6.919499, 107.599362),
(43, 'BANDUNG', 'BANDUNG', 'P1', 'PKM. MANDALA MEKAR', 'JATIHANDAP KOMP. MANDALA MEKAR', NULL, NULL, NULL, -6.88779, 107.633489),
(44, 'BANDUNG', 'BANDUNG', 'P1', 'PKM. MARGAHAYU RAYA', 'JL. PLUTO RAYA NO. 54', NULL, NULL, NULL, -6.957866, 107.661845),
(45, 'BANDUNG', 'BANDUNG', 'P1', 'PKM. MENGGER', 'Jl. Mengger ', NULL, NULL, NULL, -6.95015, 107.616212),
(46, 'BANDUNG', 'BANDUNG', 'P1', 'PKM. MOH. RAMDAN', 'JL. MOCH. RAMDAN NO. 88', NULL, NULL, NULL, -6.935205, 107.611975),
(47, 'BANDUNG', 'BANDUNG', 'P1', 'PKM. PADASUKA', 'JL. PADASUKA NO. 3', NULL, NULL, NULL, -6.892596, 107.657519),
(48, 'BANDUNG', 'BANDUNG', 'P1', 'PKM. PAGARSIH', 'JL. PAGARSIH NO. 95', NULL, NULL, NULL, -6.92234, 107.592247),
(49, 'BANDUNG', 'BANDUNG', 'P1', 'PKM. PAMULANG', 'JL. RAYA CIKADUT NO. 1', NULL, NULL, NULL, -6.901581, 107.667248),
(50, 'BANDUNG', 'BANDUNG', 'P1', 'PKM. PANGHEGAR', 'JL.KOMP. BUMI PANGHEGAR PERMAI', NULL, NULL, NULL, -6.908413, 107.695255),
(51, 'BANDUNG', 'BANDUNG', 'P1', 'PKM. PANYILEUKAN', 'Jl. Raya Panyileukan Blok C No. 2 ', NULL, NULL, NULL, -6.937798, 107.712583),
(52, 'BANDUNG', 'BANDUNG', 'P1', 'PKM. PASIRKALIKI', 'JL. PASIRKALIKI NO. 188', NULL, NULL, NULL, -6.906178, 107.597509),
(53, 'BANDUNG', 'BANDUNG', 'P1', 'PKM. PASIRLAYUNG', 'JL. PADASUKA NO. 146', NULL, NULL, NULL, -6.892468, 107.657572),
(54, 'BANDUNG', 'BANDUNG', 'P1', 'PKM. PASIRLUYU', 'JL. SUKAATI NO. 1', NULL, NULL, NULL, -6.952016, 107.619503),
(55, 'BANDUNG', 'BANDUNG', 'P1', 'PKM. PASUNDAN', 'JL. PASUNDAN NO. 99', NULL, NULL, NULL, -6.938507, 107.603523),
(56, 'BANDUNG', 'BANDUNG', 'P1', 'PKM. PELINDUNG HEWAN', 'JL. PELINDUNG HEWAN', NULL, NULL, NULL, -6.938507, 107.603523),
(57, 'BANDUNG', 'BANDUNG', 'P1', 'PKM. PESAWAHAN', 'Jl. Naradireja Moh. Toha', NULL, NULL, NULL, -6.96072, 107.610128),
(58, 'BANDUNG', 'BANDUNG', 'P1', 'PKM. PUTER', 'JL. PUTER NO. 3', NULL, NULL, NULL, -6.898043, 107.622338),
(59, 'BANDUNG', 'BANDUNG', 'P1', 'PKM. RIUNG BANDUNG', 'Jl. Komp. Riung Bandung Permai', NULL, NULL, NULL, -6.946083, 107.68279),
(60, 'BANDUNG', 'BANDUNG', 'P1', 'PKM. SALAM', 'JL. SALAM NO. 27', NULL, NULL, NULL, -6.909373, 107.62973),
(61, 'BANDUNG', 'BANDUNG', 'P1', 'PKM. SARIJADI', 'JL. SARI ASIH NO. 76', NULL, NULL, NULL, -6.877537, 107.577509),
(62, 'BANDUNG', 'BANDUNG', 'P1', 'PKM. SEKEJATI', 'Jl. Yupiter Tengah B2', NULL, NULL, NULL, -6.946193, 107.660328),
(63, 'BANDUNG', 'BANDUNG', 'P1', 'PKM. SEKELOA', 'JL. TB. ISMAIL BAWAH NO. 4', NULL, NULL, NULL, -6.886869, 107.617021),
(64, 'BANDUNG', 'BANDUNG', 'P1', 'PKM. SUKAHAJI', 'Jl. H. Zakaria Balik No. 24', NULL, NULL, NULL, -6.873363, 107.584406),
(65, 'BANDUNG', 'BANDUNG', 'P1', 'PKM. SUKAJADI', 'Jl. Sukagalih No.26', NULL, NULL, NULL, -6.892095, 107.592466),
(66, 'BANDUNG', 'BANDUNG', 'P1', 'PKM. SUKAPAKIR', 'Pagarsih Gg. Pa Oyon', NULL, NULL, NULL, -6.922298, 107.592247),
(67, 'BANDUNG', 'BANDUNG', 'P1', 'PKM. SUKARASA', 'JL. GEGERKALONG HILIR NO. 157', NULL, NULL, NULL, -6.867934, 107.581848),
(68, 'BANDUNG', 'BANDUNG', 'P1', 'PKM. SUKAWARNA', 'JL. CIBOGO NO. 76', NULL, NULL, NULL, -6.887127, 107.579387),
(69, 'BANDUNG', 'BANDUNG', 'P1', 'PKM. SURYALAYA', 'JL. SURYALAYA VII NO. 27', NULL, NULL, NULL, -6.946263, 107.62215),
(70, 'BANDUNG', 'BANDUNG', 'P1', 'PKM. TALAGA BODAS', 'JL. TALAGABODAS NO. 35', NULL, NULL, NULL, -6.928282, 107.623064),
(71, 'BANDUNG', 'BANDUNG', 'P1', 'PKM. TAMANSARI', 'Jl. Kebon Bibit Utara II No. 182/58', NULL, NULL, NULL, -6.897521, 107.607283),
(72, 'BANDUNG', 'BANDUNG', 'P1', 'PKM. TAMBLONG', 'JL. TAMBLONG NO. 66', NULL, NULL, NULL, -6.919441, 107.612252),
(73, 'BANDUNG', 'BANDUNG', 'P1', 'PKM. UJUNGBERUNG INDAH', 'Jl. Komp Ujungberung Indah B.18 No.18', NULL, NULL, NULL, -6.908976, 107.69678),
(74, 'BANDUNG', 'BANDUNG', 'P1', 'PKM Cibeber', 'Jl. Puri Pajar No. 1 Kel. Cibeber', NULL, NULL, NULL, -6.821646, 107.59333),
(75, 'BANDUNG', 'BANDUNG', 'P1', 'PKM Citeureup', 'Jl. Encep Kartawirya No. 20a Citeureup', NULL, NULL, NULL, -6.860661, 107.54613),
(76, 'BANDUNG', 'BANDUNG', 'P1', 'PKM Pasir Kaliki', 'Jl. Cidamar Kel. Pasirkaliki', NULL, NULL, NULL, -6.888865, 107.570749),
(77, 'BANDUNG', 'BANDUNG', 'P1', 'PKM Cimahi Utara', 'Jl. Jati No. 16 - Cibabat', NULL, NULL, NULL, -6.925709, 107.613934),
(78, 'BANDUNG', 'BANDUNG', 'P1', 'PKM Cipageran', 'Jl. Bojong 148 RT.05/15 Desa Cipaerang', NULL, NULL, NULL, -6.923462, 107.568917),
(79, 'BANDUNG', 'BANDUNG', 'P1', 'PKM Cimahi Tengah', 'Jl. Dra Julaeha Karmita No. 5', NULL, NULL, NULL, -6.871802, 107.542545),
(80, 'BANDUNG', 'BANDUNG', 'P1', 'PKM Cigugur Tengah', 'Jl. Abdul Halim No. 966 - 40526', NULL, NULL, NULL, -6.890823, 107.554782),
(81, 'BANDUNG', 'BANDUNG', 'P1', 'PKM Padasuka', 'Jl. Kebon Manggu No. 532', NULL, NULL, NULL, -6.925257, 107.602662),
(82, 'BANDUNG', 'BANDUNG', 'P1', 'PKM Cimahi Selatan', 'Jl. Baros No. 16 - 40533', NULL, NULL, NULL, -6.900147, 107.536305),
(83, 'BANDUNG', 'BANDUNG', 'P1', 'PKM Melong Asih', 'Perumnas Cijerah II Blok I', NULL, NULL, NULL, -6.928829, 107.55832),
(84, 'BANDUNG', 'BANDUNG', 'P1', 'PKM Cimindi', 'Jl. Raya Cibeureum gg. Sekolah No. 26 Kel. Cibeureum', NULL, NULL, NULL, -6.902714, 107.564574),
(85, 'BANDUNG', 'BANDUNG', 'P1', 'PKM. Leuwigajah', 'Jl. Kihapit Barat RT. 08 RW. 09 Kel. Leuwigajah  Kec. Cimahi Selatan', NULL, NULL, NULL, -6.901947, 107.522458),
(86, 'BANDUNG', 'BANDUNG', 'P1', 'Puskesmas Melong Tengah', 'Jl. Melong RT 04 RW 04 Kel. Melong Kec. Cimahi Selatan', NULL, NULL, NULL, -6.921943, 107.55539),
(87, 'BANDUNG', 'BANDUNG', 'P1', 'PKM Cililin', 'Jl. Raya Radio Cililin 40562', NULL, NULL, NULL, -6.948946, 107.457778),
(88, 'BANDUNG', 'BANDUNG', 'P1', 'PKM Cihampelas', 'Jl. Raya Cihampelas 40562', NULL, NULL, NULL, -6.925723, 107.481418),
(89, 'BANDUNG', 'BANDUNG', 'P1', 'PKM Mukapayung', 'Jl. Raya Ranca Panggung Ds. Mukapayung', NULL, NULL, NULL, -7.000973, 107.440542),
(90, 'BANDUNG', 'BANDUNG', 'P1', 'PKM Pataruman', 'Desa Pataruman', NULL, NULL, NULL, -6.942897, 107.516752),
(91, 'BANDUNG', 'BANDUNG', 'P1', 'PKM Sindangkerta', 'Jl. Sindangkerta Desa Cintakarya 40563', NULL, NULL, NULL, -7.232533, 106.945668),
(92, 'BANDUNG', 'BANDUNG', 'P1', 'PKM Cicangkang Girang', 'Desa Cicangkang Girang 40563', NULL, NULL, NULL, -6.990983, 107.377928),
(93, 'BANDUNG', 'BANDUNG', 'P1', 'PKM Gunung Halu', 'Jl. Raya Gunung Halu Kp. Pasanggrahan', NULL, NULL, NULL, -7.026165, 107.516965),
(94, 'BANDUNG', 'BANDUNG', 'P1', 'PKM Rongga', 'Jl. Raya Neglasari Ds Cibedug 40563', NULL, NULL, NULL, -7.025398, 107.516917),
(95, 'BANDUNG', 'BANDUNG', 'P1', 'PKM Cipatat', 'Jl. Raya Cipatat No. 363 40563', NULL, NULL, NULL, -6.831728, 107.409294),
(96, 'BANDUNG', 'BANDUNG', 'P1', 'PKM Rajamandala', 'Jl. Raya Rajamandala Ds Ciptaharja', NULL, NULL, NULL, -6.870068, 107.378964),
(97, 'BANDUNG', 'BANDUNG', 'P1', 'PKM Sumur Bandung', 'Desa Nyalindung', NULL, NULL, NULL, -6.790521, 108.041717),
(98, 'BANDUNG', 'BANDUNG', 'P1', 'PKM Padalarang', 'Jl. Raya Padalarang No. 542', NULL, NULL, NULL, -6.842172, 107.480004),
(99, 'BANDUNG', 'BANDUNG', 'P1', 'PKM Tagog Apu', 'Jl. Raya Purwakarta Ds. Cempakamekar', NULL, NULL, NULL, -6.810479, 107.463838),
(100, 'BANDUNG', 'BANDUNG', 'P1', 'PKM Jaya Mekar', 'Jl. Raya Jaya Mekar 6 Padalarang', NULL, NULL, NULL, -6.842467, 107.480361),
(101, 'BANDUNG', 'BANDUNG', 'P1', 'PKM Cipeundeuy', 'KP. Maraluyu RT.26/09', NULL, NULL, NULL, -6.50398, 107.603054),
(102, 'BANDUNG', 'BANDUNG', 'P1', 'PKM Cirata', 'Desa Cirata 40558', NULL, NULL, NULL, -6.738184, 107.443589),
(103, 'BANDUNG', 'BANDUNG', 'P1', 'PKM Cikalong Wetan', 'Jl. Raya Purwakarta Desa Ciptagumuti', NULL, NULL, NULL, -6.743146, 107.444846),
(104, 'BANDUNG', 'BANDUNG', 'P1', 'PKM Rende', 'Jl. Raya Rende Kp. Dangdeur', NULL, NULL, NULL, -6.735436, 107.406926),
(105, 'BANDUNG', 'BANDUNG', 'P1', 'PKM Cisarua', 'Jl. Kol. Masturi No. 158 - 40551', NULL, NULL, NULL, -6.684725, 106.955092),
(106, 'BANDUNG', 'BANDUNG', 'P1', 'PKM Pasir Langu', 'Desa Pasir Langu', NULL, NULL, NULL, -6.791694, 107.544608),
(107, 'BANDUNG', 'BANDUNG', 'P1', 'PKM Lembang', 'Jl. Grand Hotel NO. 14', NULL, NULL, NULL, -7.11492, 107.855427),
(108, 'BANDUNG', 'BANDUNG', 'P1', 'PKM Cikole', 'Kp. Lapang Desa Cikole', NULL, NULL, NULL, -6.812373, 107.634977),
(109, 'BANDUNG', 'BANDUNG', 'P1', 'PKM Jayagiri', 'Jl. Raya Jayagiri No. 35', NULL, NULL, NULL, -6.80612, 107.619798),
(110, 'BANDUNG', 'BANDUNG', 'P1', 'PKM Cibodas', 'Jl. Raya Maribaya Desa Cibodas', NULL, NULL, NULL, -6.209696, 106.608853),
(111, 'BANDUNG', 'BANDUNG', 'P1', 'PKM Batujajar', 'Jl. Raya Batujajar', NULL, NULL, NULL, -6.917773, 107.489418),
(112, 'BANDUNG', 'BANDUNG', 'P1', 'PKM Ngamprah', 'Desa Sukatani RT 01/ VIII', NULL, NULL, NULL, -6.864064, 107.511599),
(113, 'BANDUNG', 'BANDUNG', 'P1', 'PKM Cimareme', 'Desa Cimareme', NULL, NULL, NULL, -6.864064, 107.511599),
(114, 'BANDUNG', 'BANDUNG', 'P1', 'PKM Cipongkor', 'Desa Sarinagen', NULL, NULL, NULL, -5.896661, 106.022563),
(115, 'BANDUNG', 'BANDUNG', 'P1', 'PKM Citalem', 'Jl. Raya Saguling Desa Citalem', NULL, NULL, NULL, -6.211848, 106.601596),
(116, 'BANDUNG', 'BANDUNG', 'P1', 'PKM Parongpong ', 'Jl. Raya Cihanjuang Ds. Cihanjuang Rahayu', NULL, NULL, NULL, -6.821288, 107.580127),
(117, 'BANDUNG', 'BANDUNG', 'P1', 'PKM Ciwaruga', 'Jl. Geger Kalong Desa Ciwaruga', NULL, NULL, NULL, -6.84566, 107.582874),
(118, 'BANDUNG', 'BANDUNG', 'P2', 'DR. ATTI SEMIATI S., MM', 'JL. PALASARI NO. 36 BANDUNG', NULL, NULL, NULL, -6.92841, 107.623053),
(119, 'BANDUNG', 'BANDUNG', 'P2', 'DR. DEFLIYANA', 'JL. SETIABUDHI NO. 189 BANDUNG', NULL, NULL, NULL, -6.866353, 107.593909),
(120, 'BANDUNG', 'BANDUNG', 'P2', 'DR. ELIZABETH TANUWIJAYA', 'JL. JENDR. GATOT SUBROTO NO. 21 BANDUNG', NULL, NULL, NULL, -6.925361, 107.632202),
(121, 'BANDUNG', 'BANDUNG', 'P2', 'DR. MAYRINA DAT MALEM', 'JL BBK SARI NO. 48 KIARACONDONG BANDUNG', NULL, NULL, NULL, -6.924895, 107.655179),
(122, 'BANDUNG', 'BANDUNG', 'P2', 'DR. RANI BUDIMAN', 'APOTEK BIOMEDIKA JL.INDRAYASA  NO 120 KOMP.MEKARWANGI KEL. CIBADUYUT', NULL, NULL, NULL, -6.952203, 107.596524),
(123, 'BANDUNG', 'BANDUNG', 'P2', 'DR. SRI WAHJUDIATI', 'APOTEK VITA MEDIKA  JL IBRAHIM AJIE NO. 83 BANDUNG', NULL, NULL, NULL, -6.934814, 107.642342),
(124, 'BANDUNG', 'BANDUNG', 'P2', 'DR. SUSATYO TRIWILOPO, MPH', 'JL. JEND. SUDIRMAN NO. 711 BANDUNG', NULL, NULL, NULL, -6.918606, 107.586352),
(125, 'BANDUNG', 'BANDUNG', 'P2', 'DR. WULANSARI DJUNAEDI, M. KES', 'APOTEK K-24  JLN. SARIMANAH NO. 23 SARIJADI BANDUNG', NULL, NULL, NULL, -6.879341, 107.577788),
(126, 'BANDUNG', 'BANDUNG', 'P2', 'DR.M EKO ARYANTO', 'JL CIBOLERANG NO. 14 BABAKAN CIPARAY', NULL, NULL, NULL, -6.950862, 107.575688),
(127, 'BANDUNG', 'BANDUNG', 'P2', 'DR. ANCILLA LINNA LIMMENA', 'JL. LEUWIGAJAH (MAHAR MARTANEGARA) NO. 180 CIMAHI', NULL, NULL, NULL, -6.899203, 107.550736),
(128, 'BANDUNG', 'BANDUNG', 'P2', 'DR. SISKA GERFIANTI', 'Jl. Dipati Ukur No. 76 Bandung', NULL, NULL, NULL, -6.889263, 107.616301),
(129, 'BANDUNG', 'BANDUNG', 'P2', 'DR. MUHAMMAD FAUZAN HASBI', 'Jl. Sindangkerta No.150 RT 02 RW 07 Ds. Cisanawut Kec. Sindangkerta', NULL, NULL, NULL, -6.879466, 107.536236),
(130, 'BANDUNG', 'BANDUNG', 'P2', 'DR. NUR FARAH', 'Jl. Sangkuriang No. 56 Cimahi', NULL, NULL, NULL, -6.862539, 107.541962),
(131, 'BANDUNG', 'BANDUNG', 'P2', 'DR. LINDAWATY HERMAWAN', 'JL. RAYA LEMBANG NO 384', NULL, NULL, NULL, -6.815445, 107.615864),
(132, 'BANDUNG', 'BANDUNG', 'P2', 'Yeni Suryana Opah, dr', 'Jl. Lengkong Tengah No. 16 Bandung', NULL, NULL, NULL, -6.927442, 107.611909),
(133, 'BANDUNG', 'BANDUNG', 'P2', 'Hj. Dedeh Sudjana, MPH, dr', 'Jalan Buah Batu No. 54 Bandung', NULL, NULL, NULL, -6.939943, 107.625607),
(134, 'BANDUNG', 'BANDUNG', 'P2', 'Siska Gerfianti, dr', 'Jl. Dipati Ukur No. 76 Bandung', NULL, NULL, NULL, -6.864776, 107.539339),
(135, 'BANDUNG', 'BANDUNG', 'P2', 'Nur Farah, dr', 'Jl. Sangkuriang No. 56 Cimahi', NULL, NULL, NULL, -6.815713, 107.61597),
(136, 'BANDUNG', 'BANDUNG', 'P2', 'DR LINDAWATY HERMAWAN', 'JL. RAYA LEMBANG NO 384', NULL, NULL, NULL, -6.883575, 107.55273),
(137, 'BANDUNG', 'BANDUNG', 'P2', 'dr. Henry JRT', 'JL. Raya Cibabat No 452 Cimahi', NULL, NULL, NULL, -6.906794, 107.630108),
(138, 'BANDUNG', 'BANDUNG', 'P3', 'DENT.CO (TAKWIR BURHANUDDIN, DRG', 'JALAN SUPRATMAN NO. 72', NULL, NULL, NULL, -6.884946, 107.61913),
(139, 'BANDUNG', 'BANDUNG', 'P3', 'DENT.CO (TANTRI JAYANTI, DRG.)', 'JALAN TUBAGUS ISMAIL RAYA NO.40', NULL, NULL, NULL, -6.879661, 107.577787),
(140, 'BANDUNG', 'BANDUNG', 'P3', 'DRG. NINA RATNA NINGSIH', 'JL. BABAKAN SARI NO.48 KIARACONDONG BANDUNG', NULL, NULL, NULL, -6.892388, 107.59239),
(141, 'BANDUNG', 'BANDUNG', 'P3', 'DRG. SELLY YUSALINA', 'APOTEK K-24  JL. SARIMANAH NO. 23 SARIJADI BANDUNG', NULL, NULL, NULL, -6.876587, 107.578638),
(143, 'BANDUNG', 'BANDUNG', 'P4', 'KLINIK AFIFA MEDIKA', 'JL. SUKAGALIH NO. 264C  BANDUNG', NULL, NULL, NULL, -6.892391, 107.592393),
(144, 'BANDUNG', 'BANDUNG', 'P4', 'KLINIK AVIATI', 'JL KOPO NO 59  BANDUNG', NULL, NULL, NULL, -6.947871, 107.588198),
(145, 'BANDUNG', 'BANDUNG', 'P4', 'PMI MEDICAL CENTRE', 'JL. ACEH NO. 79 BANDUNG', NULL, NULL, NULL, -6.909093, 107.617489),
(146, 'BANDUNG', 'BANDUNG', 'P4', 'KLINIK PRATAMA AVASINA', 'JL. PADASUKA NO. 33 BANDUNG', NULL, NULL, NULL, -6.892607, 107.657583),
(147, 'BANDUNG', 'BANDUNG', 'P4', 'KIRANA MEDIKA', 'JL. JATIHANDAP NO 98 BANDUNG', NULL, NULL, NULL, -6.897219, 107.657805),
(148, 'BANDUNG', 'BANDUNG', 'P4', 'KLINIK ALIVIA MEDIKA', 'JL. PASUNDAN N0. 107 BANDUNG', NULL, NULL, NULL, -6.924951, 107.608795),
(149, 'BANDUNG', 'BANDUNG', 'P4', 'KLINIK AMANAH', 'JL. P.H.H. MUSTOPA NO. 124 BANDUNG', NULL, NULL, NULL, -6.900373, 107.653265),
(150, 'BANDUNG', 'BANDUNG', 'P4', 'Klinik An Nur', 'JL. SETIABUDI NO.63 BANDUNG', NULL, NULL, NULL, -6.845938, 107.600948),
(151, 'BANDUNG', 'BANDUNG', 'P4', 'KLINIK HARAPAN SEHAT', 'JL JEND. GATOT SUBROTO NO 181', NULL, NULL, NULL, -6.883148, 107.540604),
(152, 'BANDUNG', 'BANDUNG', 'P4', 'KLINIK HIKMAH', 'JL. PESANTREN 8A SUKAMISKIN BANDUNG', NULL, NULL, NULL, -6.904929, 107.677217),
(153, 'BANDUNG', 'BANDUNG', 'P4', 'KLINIK KIARA HUSADA', 'JL TERS. IBRAHIM ADJIE KOMP. KIARA SARI ASRI NO. 25 BANDUNG', NULL, NULL, NULL, -6.954869, 107.639519),
(154, 'BANDUNG', 'BANDUNG', 'P4', 'KLINIK PERDITA', 'JL CILENGKRANG I NO. 373 UJUNGBERUNG BANDUNG', NULL, NULL, NULL, -6.935994, 107.643163),
(155, 'BANDUNG', 'BANDUNG', 'P4', 'KLINIK PRATAMA SEHATI', 'JL. JEND. A.H. NASUTION NO.928 BLOK O BANDUNG', NULL, NULL, NULL, -6.909094, 107.689313),
(156, 'BANDUNG', 'BANDUNG', 'P4', 'KLINIK SELAMAT', 'JL.TERUSAN BUAH BATU NO 227 BANDUNG', NULL, NULL, NULL, -6.956812, 107.639446),
(157, 'BANDUNG', 'BANDUNG', 'P4', 'KLINIK UJUNGBERUNG', 'JL RUMAH SAKIT NO 5 UJUNGBERUNG BDG', NULL, NULL, NULL, -6.91535, 107.698718),
(158, 'BANDUNG', 'BANDUNG', 'P4', 'KLINIK UTAMA AL ISLAM', 'JL. AWIBITUNG NO.29-31', NULL, NULL, NULL, -6.910565, 107.638763),
(159, 'BANDUNG', 'BANDUNG', 'P4', 'MONALISA MEDICAL CENTRE', 'JALAN MOCHAMAD RAMDHAN NO. 32', NULL, NULL, NULL, -6.935067, 107.612479),
(160, 'BANDUNG', 'BANDUNG', 'P4', 'KLINIK NAYAKA 03 CIMAHI', 'JL BAROS RT 01/04 KELURAHAN LEUWIGAJAH CIMAHI SELATAN', NULL, NULL, NULL, -6.900169, 107.536295),
(161, 'BANDUNG', 'BANDUNG', 'P4', 'KLINIK SEHAT SAKINAH', 'JL KOL. MASTURI NO 48 CIMAHI', NULL, NULL, NULL, -6.864745, 107.543624),
(162, 'BANDUNG', 'BANDUNG', 'P4', 'KLINIK IZZATI', 'KOMPLEK PADASUKA INDAH A74 RT 002 RW 13 CIMAHI TENGAH', NULL, NULL, NULL, -6.874048, 107.539894),
(163, 'BANDUNG', 'BANDUNG', 'P4', 'KLINIK KASIH BUNDA', 'JL RAYA LEUWIGAJAH NO 166 CIMAHI', NULL, NULL, NULL, -6.902033, 107.522335),
(164, 'BANDUNG', 'BANDUNG', 'P4', 'Klinik Asri Husada II', 'JL. Titiran No.16 Bandung', NULL, NULL, NULL, -6.896428, 107.619779),
(165, 'BANDUNG', 'BANDUNG', 'P4', 'Klinik Asri Husada III', 'JL. Cisaranten Kulon No.127 Bandung', NULL, NULL, NULL, -6.928291, 107.681895),
(166, 'BANDUNG', 'BANDUNG', 'P4', 'Klinik Kiara Husada', 'JL. Jend.Ibrahim Adjie (Kiaracondong) No.25Kec. Buahbatu Bandung', NULL, NULL, NULL, -6.927449, 107.644445),
(167, 'BANDUNG', 'BANDUNG', 'P4', 'Klinik Medika Antapani', 'JL. Purwakarta No.3 Antapani Bandung', NULL, NULL, NULL, -6.917303, 107.657399),
(168, 'BANDUNG', 'BANDUNG', 'P4', 'Klinik BMS Ujung Berung', 'JL. A.H. Nasution No.69 A Ujung Berung Bandung', NULL, NULL, NULL, -6.903473, 107.663892),
(169, 'BANDUNG', 'BANDUNG', 'P4', 'Klinik Healthy', 'Jl. Buah Batu No.76', NULL, NULL, NULL, -6.939712, 107.625617),
(170, 'BANDUNG', 'BANDUNG', 'P4', 'Klinik Rahmani Cimahi', 'Jl.Pojok Utara No. 4 Cimahi RT 01 RW 04 Kel. Setiamanah Kec. Cimahi Tengah', NULL, NULL, NULL, -6.872958, 107.537847),
(171, 'BANDUNG', 'BANDUNG', 'P4', 'Klinik Amanah', 'Jl. Kolonel Masturi No. 22 RT 01 RW 05 Kel. Cimahi Kec. Cimahi Tengah', NULL, NULL, NULL, -6.808149, 107.597217),
(172, 'BANDUNG', 'BANDUNG', 'P4', 'Klinik Rahmani Cipatat', 'Jl. Raya Cipatat KM 32 RT 01 RW 11 Desa Cipatat Kec. Cipatat ', NULL, NULL, NULL, -6.914511, 107.608592),
(173, 'BANDUNG', 'BANDUNG', 'P4', 'Muhammad Fauzan Hasbi, dr', 'Jl. Sindangkerta No.150 RT 02 RW 07 Ds. Cisanawut Kec. Sindangkerta', NULL, NULL, NULL, -6.385644, 108.284044),
(174, 'BANDUNG', 'BANDUNG', 'P4', 'Klinik Prima Husada', 'Jl. Gatot Subroto No. 313 Kel. Maleer Kec. Batununggal Kota Bandung', NULL, NULL, NULL, -6.924696, 107.628572),
(175, 'BANDUNG', 'BANDUNG', 'P4', 'Klinik Sentra Sehat', 'Jl. Purwakarta No. 59 RT 02 RW 01 Ds. Tagogapu Kec. Padalarang Kab. Bandung Barat', NULL, NULL, NULL, -6.843026, 107.498145),
(176, 'BANDUNG', 'BANDUNG', 'P4', 'Klinik Pratama Mitra Sehat Cimar', 'JL RAYA BATUJAJAR NO 40 CIMAREME PADALARANG', NULL, NULL, NULL, -6.880787, 107.504199),
(177, 'BANDUNG', 'BANDUNG', 'P4', 'KLINIK Pratama Wijaya Medika', 'JL RAYA CIBURUY NO. 684 PADALARANG', NULL, NULL, NULL, -6.827839, 107.464708),
(178, 'BANDUNG', 'BANDUNG', 'P4', 'Klinik Pratama Al Ikhlas I', 'JL. GA MANULANG (PURABAYA) NO 141 PADALARANG', NULL, NULL, NULL, -6.845728, 107.47273),
(179, 'BANDUNG', 'BANDUNG', 'P4', 'Klinik Pratama Biofit Health Cen', 'JL. CARINGIN NO 59 NGAMPRAH', NULL, NULL, NULL, -6.862289, 107.501913),
(180, 'BANDUNG', 'BANDUNG', 'P4', 'DR LINDAWATY HERMAWAN', 'JL. RAYA LEMBANG NO 384', NULL, NULL, NULL, -6.815659, 107.615844),
(181, 'BANDUNG', 'BANDUNG', 'P4', 'KLINIK CIAMPEL', 'JL. RAYA BATUJAJAR NO 254 ', NULL, NULL, NULL, -6.902732, 107.501974),
(182, 'BANDUNG', 'BANDUNG', 'P5', 'Klinik Kesdam III/SLW Bandung', 'Jl. Ambon No. 7 Bandung', NULL, NULL, NULL, -6.907497, 107.616672),
(183, 'BANDUNG', 'BANDUNG', 'P5', 'Klinik Sesko AD', 'Jl. Gatot Subroto No 96 Bandung', NULL, NULL, NULL, -6.899501, 107.595979),
(184, 'BANDUNG', 'BANDUNG', 'P5', 'Klinik Sesko TNI', 'Jl. Martanegara No 11  Bandung', NULL, NULL, NULL, -6.933796, 107.630484),
(185, 'BANDUNG', 'BANDUNG', 'P5', 'Klinik Secapa', 'Jl. Hegar Manah No 152 Bandung', NULL, NULL, NULL, -6.878692, 107.600513),
(186, 'BANDUNG', 'BANDUNG', 'P5', 'Klinik Pussenif', 'JL. W. R. Supratman No. 60', NULL, NULL, NULL, -6.906815, 107.630162),
(187, 'BANDUNG', 'BANDUNG', 'P5', 'Klinik Kodiklat TNI AD', 'Jl. Aceh No 50', NULL, NULL, NULL, -6.909122, 107.617414),
(188, 'BANDUNG', 'BANDUNG', 'P5', 'Klinik Kesdam III/SLW Cimahi', 'Jl. Gatot Subroto', NULL, NULL, NULL, -6.885878, 107.536074),
(189, 'BANDUNG', 'BANDUNG', 'P5', 'Klinik Pusdikpassus', 'Jl. Raya Batujajar', NULL, NULL, NULL, -6.891406, 107.503193),
(190, 'BANDUNG', 'BANDUNG', 'P5', 'SESKOAU', 'JL. Lembang', NULL, NULL, NULL, -6.818614, 107.624753),
(191, 'BANDUNG', 'BANDUNG', 'P5', 'POSKES HUSEIN', 'Jl. ABDURACHMAN SALEH NO 1 BDG', NULL, NULL, NULL, -6.910219, 107.586077),
(192, 'BANDUNG', 'BANDUNG', 'P5', 'LANAL', 'JL. ARIAJIPANG', NULL, NULL, NULL, -6.899897, 107.615753),
(193, 'BANDUNG', 'BANDUNG', 'P6', 'PUSDIKMIN POLRI', 'Jl  Gedebage Selatan NO 154', NULL, NULL, NULL, -6.952586, 107.686669),
(194, 'BANDUNG', 'BANDUNG', 'P6', 'SESMIN POLRI', 'Jl. Maribaya Lembang', NULL, NULL, NULL, -6.825275, 107.639352),
(195, 'BANDUNG', 'BANDUNG', 'P6', 'POLRESTABES BANDUNG', 'Jl. Jawa No 1', NULL, NULL, NULL, -6.91478, 107.614332),
(196, 'BANDUNG', 'BANDUNG', 'P6', 'POLRES CIMAHI', 'JL. JEND AMIR MACHMUD 333', NULL, NULL, NULL, -6.885567, 107.554065),
(197, 'BANDUNG', 'BANDUNG', 'P6', 'SPN CISARUA POLDA JABAR', 'Jl. Kol. Masturi No 110', NULL, NULL, NULL, -6.865534, 107.543364),
(198, 'BANDUNG', 'BANDUNG', 'P6', 'BIDDOKKES POLDA JABAR', 'Jl.BKR 181 Tegalega', NULL, NULL, NULL, -6.937577, 107.611966),
(199, 'BANDUNG', 'BANDUNG', 'P7', 'BP LUHUR MEDICA CENTRE', 'JL SUDIRMAN 472 / 474', NULL, NULL, NULL, -6.918429, 107.586361),
(200, 'BANDUNG', 'BANDUNG', 'P7', 'BP MITRA MULYA', 'JL A.H. NASUTION NO. 20  CIBIRU   BANDUNG', NULL, NULL, NULL, -6.909324, 107.689148),
(201, 'BANDUNG', 'BANDUNG', 'P7', 'BP ASRYFA II', 'JL CIMINDI 242', NULL, NULL, NULL, -6.898257, 107.552972),
(202, 'BANDUNG', 'BANDUNG', 'P7', 'BP  BUDI LUHUR', 'JL  KERKOP 53 LEUWIGAJAH CIMAHI', NULL, NULL, NULL, -6.904919, 107.52528),
(203, 'BANDUNG', 'BANDUNG', 'P7', 'BALAI KESEHATAN UNPAD', 'JL. DIPATI UKUR NO. 46 BANDUNG', NULL, NULL, NULL, -6.894997, 107.617548),
(204, 'BANDUNG', 'BANDUNG', 'P7', 'BP AL IKHLAS III', 'Jl. Raya Cibeureum Perum Bumi Indah Blok Ruko H7 Cibeureum Cimahi Selatan', NULL, NULL, NULL, -6.903264, 107.564744),
(205, 'BANDUNG', 'BANDUNG', 'P7', 'BP MITRA MEDIKA', 'JL PINGUIN RAYA NO 2 KOMP DADALI BANDUNG', NULL, NULL, NULL, -6.908731, 107.574465),
(206, 'BANDUNG', 'BANDUNG', 'P7', 'BP. BANDUNG (PT. KAI)', 'JL. KEBON KAWUNG NO. 43 BANDUNG', NULL, NULL, NULL, -6.912454, 107.601226),
(207, 'BANDUNG', 'BANDUNG', 'P7', 'BP. DAHLIA', 'JL ANGGREK NO 25 BANDUNG', NULL, NULL, NULL, -6.912178, 107.628938),
(208, 'BANDUNG', 'BANDUNG', 'P7', 'BP. HIKMAH II', 'JL. IBRAHIM AJI NO. 145 KIARACONDONG BANDUNG', NULL, NULL, NULL, -6.932216, 107.642752),
(209, 'BANDUNG', 'BANDUNG', 'P7', 'BP Ampera IV', 'JL RANCABENTANG NO 15 CIBEUREUM CIMAHI', NULL, NULL, NULL, -6.907479, 107.55771),
(210, 'BANDUNG', 'BANDUNG', 'P7', 'BP ASRYFA III', 'JL. H BAKAR HUJUNG KALER NO. 10', NULL, NULL, NULL, -6.898357, 107.552919),
(211, 'BANDUNG', 'BANDUNG', 'P7', 'BP NAYAKA ERA HUSADA', 'JALAN  RAYA TIMUR NO. 447 CIMAHI', NULL, NULL, NULL, -6.870188, 107.536305),
(212, 'BANDUNG', 'BANDUNG', 'P7', 'BP SINDANG SARI', 'JL RH ABDUL HALIM NO 1A RT01/03 KEL. CIGUGUR TENGAH', NULL, NULL, NULL, -6.888633, 107.551089),
(213, 'BANDUNG', 'BANDUNG', 'P7', 'BP LUHUR MEDICA', 'JL. CIHANJUANG NO 8 CIMAHI', NULL, NULL, NULL, -6.872785, 107.554268),
(214, 'BANDUNG', 'BANDUNG', 'P7', 'BP Yusuf I', 'JL. Leuwipanjang No. 14  Muara Regency Bandung', NULL, NULL, NULL, -6.942205, 107.595944),
(215, 'BANDUNG', 'BANDUNG', 'P7', 'BP Yusuf Medika', 'JL. A.Yani No.66 - 68 Bandung', NULL, NULL, NULL, -6.921724, 107.618339),
(216, 'BANDUNG', 'BANDUNG', 'P7', 'BP. Bakti Insani', 'Jl. Babakan Jeruk I No. 31 Bandung Kel. Sukagalih Kec Sukajadi Kota Bandung', NULL, NULL, NULL, -6.888831, 107.582914),
(217, 'BANDUNG', 'BANDUNG', 'P7', 'BP CIPATIK', 'JL. RAYA CIPATIK NO.23 KEC. CIHAMPELAS BANDUNG BARAT', NULL, NULL, NULL, -6.945802, 107.518335),
(218, 'BANDUNG', 'BANDUNG', 'P7', 'BP BATUJAJAR/SINAR SEHAT', 'JL. RAYA SINAR JAYA DS BATUJAJAR', NULL, NULL, NULL, -6.870216, 107.53617),
(219, 'BANDUNG', 'BANDUNG', 'P7', 'BP RAHARDJA', 'JL. RAYA PURWAKARTA NO 328', NULL, NULL, NULL, -6.91725, 107.656469),
(220, 'BANDUNG', 'BANDUNG', 'P7', 'BP Mitra Sehat Melong', 'JL. Melong Raya No 80 Cimahi', NULL, NULL, NULL, -6.922665, 107.562925),
(221, 'BANDUNG', 'BANDUNG', 'L1', 'RSUP Hasan Sadikin', 'Jl. Pasteur No. 38  Bandung  Jawa Barat', NULL, NULL, NULL, -6.898229, 107.598083),
(222, 'BANDUNG', 'BANDUNG', 'L1', 'RSUD Kota Bandung ', 'Jl. Rumah Sakit No. 22 - Ujungberung', NULL, NULL, NULL, -6.915595, 107.698729),
(223, 'BANDUNG', 'BANDUNG', 'L1', 'RSUD Cibabat ', 'Jalan Jenderal H. Amir Machmud No. 140 Cimahi  Jawa Barat 40513', NULL, NULL, NULL, -6.891557, 107.55752),
(224, 'BANDUNG', 'BANDUNG', 'L1', 'RSUD Cililin', 'Jl. Blok Cinta Karya Kab. Bandung Barat Jawa Barat 40562', NULL, NULL, NULL, -6.917271, 107.491304),
(225, 'BANDUNG', 'BANDUNG', 'L2', 'Rumah Sakit TK II 03.05.01 Dusti', 'Jalan Dr. Dustira No. 1  Cimahi Selatan Cimahi  Jawa Barat 40153', NULL, NULL, NULL, -6.886354, 107.533951),
(226, 'BANDUNG', 'BANDUNG', 'L2', 'Rumah Sakit TK II TNI AU Salamun', 'Jl. Raya Ciumbeulit No. 203  Bandung - Jawa Barat', NULL, NULL, NULL, -6.864861, 107.604999),
(227, 'BANDUNG', 'BANDUNG', 'L2', 'Rumah Sakit Tk IV 03.07.03 Sarin', 'Jl. LL.RE Martadinata No. 09 Bandung', NULL, NULL, NULL, -6.906105, 107.617409),
(228, 'BANDUNG', 'BANDUNG', 'L3', 'RUMKIT Tk IV Bhayangkara Sartika', 'Jl. Moch. Toha No. 369 Bandung 40255 _ Jawa Barat', NULL, NULL, NULL, -6.956343, 107.612918),
(229, 'BANDUNG', 'BANDUNG', 'L4', 'RS Advent', 'Jl. Cihampelas No 161  Bandung', NULL, NULL, NULL, -6.892053, 107.604002),
(230, 'BANDUNG', 'BANDUNG', 'L4', 'RS Rajawali', 'Jl. Rajawali Barat No. 38 Bandung', NULL, NULL, NULL, -6.912651, 107.573002),
(231, 'BANDUNG', 'BANDUNG', 'L4', 'RSU Bungsu', 'Jl. Veteran No 6  Bandung', NULL, NULL, NULL, -6.918505, 107.613001),
(232, 'BANDUNG', 'BANDUNG', 'L4', 'RS Mitra Anugrah Lestari', 'Jl. Cibaligo No. 76 Cimindi - Cimahi Tengah', NULL, NULL, NULL, -6.900662, 107.555902),
(233, 'BANDUNG', 'BANDUNG', 'L4', 'RS Al Islam', 'Jl. Soekarno Hatta No. 644  Bandung - Jawa Barat', NULL, NULL, NULL, -6.939967, 107.668797),
(234, 'BANDUNG', 'BANDUNG', 'L4', 'RS Immanuel', 'Jl. Kopo No. 161  Bandung - Jawa Barat', NULL, NULL, NULL, -6.939422, 107.59347),
(235, 'BANDUNG', 'BANDUNG', 'L4', 'RS Pindad', 'Jl. Gatot Subroto No. 517 (Jl. Papanggungan)  Bandung - Jawa Barat', NULL, NULL, NULL, -6.939812, 107.647002),
(236, 'BANDUNG', 'BANDUNG', 'L4', 'RS Muhamadiyah', 'Jl. KH Ahmad Dahlan No. 53  Bandung  Jawa Barat 40264', NULL, NULL, NULL, -6.933435, 107.623508),
(237, 'BANDUNG', 'BANDUNG', 'L4', 'RS Kebonjati', 'Jalan Kebonjati No.152  Bandung - Jawa Barat', NULL, NULL, NULL, -6.916141, 107.596258),
(238, 'BANDUNG', 'BANDUNG', 'L4', 'RS Santosa', 'Jl. Kebonjati No.38  Bandung - Jawa Barat', NULL, NULL, NULL, -6.915605, 107.600335),
(239, 'BANDUNG', 'BANDUNG', 'L4', 'RS ST Yusuf', 'Jl. Cikutra No. 7  Bandung - Jawa Barat', NULL, NULL, NULL, -6.906968, 107.643091),
(240, 'BANDUNG', 'BANDUNG', 'L4', 'RS Mitra Kasih', 'Jl. Jendral Amir Machmud No. 341 Cimahi', NULL, NULL, NULL, -6.884426, 107.552698),
(241, 'BANDUNG', 'BANDUNG', 'L4', 'RS Kasih Bunda', 'Jl. Mahar Martanegara No. 166 Leuwigajah - Cimahi 40521', NULL, NULL, NULL, -6.900727, 107.545688),
(242, 'BANDUNG', 'BANDUNG', 'L4', 'RS Borromeus', 'Jl. Ir. H. Juanda No 100  Bandung', NULL, NULL, NULL, -6.894149, 107.613767),
(243, 'BANDUNG', 'BANDUNG', 'L4', 'RS Hermina Arcamanik', 'Jalan AH Nasution  Arcamanik  Bandung 40293', NULL, NULL, NULL, -6.904357, 107.667164),
(244, 'BANDUNG', 'BANDUNG', 'L4', 'RS Hermina Pasteur', 'Jl. Dr Djundjunan No 107  Bandung', NULL, NULL, NULL, -6.896209, 107.58875),
(245, 'BANDUNG', 'BANDUNG', 'L4', 'RS Bungsu', 'Jl. Veteran No 6  Bandung', NULL, NULL, NULL, -6.918472, 107.615441),
(246, 'BANDUNG', 'BANDUNG', 'L5', 'RS Khusus Gigi & Mulut (RSKGM) K', 'Jl. LL. RE Martadinata No. 45 Bandung', NULL, NULL, NULL, -6.906281, 107.61413),
(247, 'BANDUNG', 'BANDUNG', 'L5', 'RS Gigi dan Mulut Fakultas Kedok', 'Jl. Sekeloa Selatan I Bandung ', NULL, NULL, NULL, -6.888829, 107.618315),
(248, 'BANDUNG', 'BANDUNG', 'L5', 'Rumah Sakit Khusus Ginjal Ny. R.', 'Jl. Tubagus Ismail No 46 Sekeloa  Bandung', NULL, NULL, NULL, -6.885245, 107.620021),
(249, 'BANDUNG', 'BANDUNG', 'L5', 'RS Mata Cicendo', 'Jl. Cicendo No. 4  Bandung - Jawa Barat', NULL, NULL, NULL, -6.910088, 107.604717),
(250, 'BANDUNG', 'BANDUNG', 'L5', 'RS KIA Astana Anyar', 'Jalan Astana Anyar No. 224  Nyengseret  Astanaanyar Bandung  Jawa Barat 40242', NULL, NULL, NULL, -6.924067, 107.59922),
(251, 'BANDUNG', 'BANDUNG', 'L5', 'RS Paru Rotinsulu', 'Jalan Bukit Jarian No. 40  Ciumbuleuit Bandung  Jawa Barat 40141 ', NULL, NULL, NULL, -6.878476, 107.60632),
(252, 'BANDUNG', 'BANDUNG', 'L5', 'RS Jiwa Provinsi Jawa Barat', 'Jalan Kolonel Masturi KM. 7  Cisarua  Lembang Cimahi  Jawa Barat 40525', NULL, NULL, NULL, -6.809409, 107.56315),
(253, 'BANDUNG', 'BANDUNG', 'L6', 'KLINIK UTAMA JIWA GRHA ATMA', 'Jl. LL. RE. Martadinata No. 11 Bandung', NULL, NULL, NULL, -6.906826, 107.61144),
(254, 'BANDUNG', 'BANDUNG', 'L6', 'Balai Besar Kesehatan Paru Masya', 'Jl. Cibadak No. 214 Bandung 40241', NULL, NULL, NULL, -6.91785, 107.582907),
(255, 'BANDUNG', 'BANDUNG', 'L6', 'Klinik Utama Kesehatan Jiwa Nur-', 'Jl. Pertamina Patra Asri Blok D.01 Cipadung Wetan Bandung', NULL, NULL, NULL, -6.924903, 107.717323),
(256, 'BANDUNG', 'BANDUNG', 'S1', 'Apotek PMI Medical Center', 'Jl. Aceh No. 79 Bandung', NULL, NULL, NULL, -6.91493, 107.608259),
(257, 'BANDUNG', 'BANDUNG', 'S1', 'Apotek Nusa Indah', 'Jl. Dipati Ukur No. 76 Bandung', NULL, NULL, NULL, -6.889604, 107.616237),
(258, 'BANDUNG', 'BANDUNG', 'S1', 'Apotek Netral Farma', 'Jl. Rumah Sakit No. 60-62 Ujungberung Bandung', NULL, NULL, NULL, -6.925437, 107.695586),
(259, 'BANDUNG', 'BANDUNG', 'S1', 'Apotek Medika Antapani', 'Jl.  Purwakarta No. 3 . Antapani', NULL, NULL, NULL, -6.913887, 107.652055),
(260, 'BANDUNG', 'BANDUNG', 'S1', 'Apotek Kayu Ambon', 'Jl. Kiwi No. 44 RT 02 RW 04 Desa Lembang Kec. Lembang Kab. Bandung Barat', NULL, NULL, NULL, -6.909205, 107.572627),
(261, 'BANDUNG', 'BANDUNG', 'S1', 'Apotik 7 Menit', 'Jl. Margacinta No. 196 Bandung', NULL, NULL, NULL, -6.955088, 107.648037),
(262, 'BANDUNG', 'BANDUNG', 'S2', 'Lab. klinik Pramita', 'JL. LL.RE Martadinata No. 135 Bandung', NULL, NULL, NULL, -6.90826, 107.624578),
(263, 'BANDUNG', 'BANDUNG', 'S2', 'Lab. Klinik Prodia', 'JL. Wastukencana No. 38 Bandung', NULL, NULL, NULL, -6.904237, 107.60669),
(264, 'BANDUNG', 'BANDUNG', 'S3', 'Optik  Yoeda ', 'Jl. Sukajadi No. 18D Bandung', NULL, NULL, NULL, -6.881937, 107.574296),
(265, 'BANDUNG', 'BANDUNG', 'S3', 'Optik  BHO ', 'Jl. Desa Cipadung No. 37 Ujungberung Bandung', NULL, NULL, NULL, -6.924003, 107.719477),
(266, 'BANDUNG', 'BANDUNG', 'S3', 'Optik  ABC', 'Jl. ABC No. 26 Bandung', NULL, NULL, NULL, -6.919046, 107.607613),
(267, 'BANDUNG', 'BANDUNG', 'S3', 'Optik  Internasional ', 'Jl. Lengkong  Besar No. 5 Bandung', NULL, NULL, NULL, -6.926273, 107.612591),
(268, 'BANDUNG', 'BANDUNG', 'S3', 'Optik  RS. Cicendo ', 'Jl. Cicendo No. 4 Bandung', NULL, NULL, NULL, -6.910077, 107.604315),
(269, 'BANDUNG', 'BANDUNG', 'S3', 'Optik   Niko ', 'Jl. Kiaracondong No. 218 Bandung', NULL, NULL, NULL, -6.927529, 107.644425),
(270, 'BANDUNG', 'BANDUNG', 'S3', 'Optik Billah ', 'Jl. Buah Batu No. 88 Bandung', NULL, NULL, NULL, -6.939843, 107.625495),
(271, 'BANDUNG', 'BANDUNG', 'S3', 'Optik  Raya ', 'Jl. Raya Cimahi No. 597 Kel. Setiamanah Cimahi', NULL, NULL, NULL, -6.869721, 107.534512),
(272, 'BANDUNG', 'BANDUNG', 'S3', 'Optik  Indra Utama ', 'Jl. Gandawijaya No. 74  Cimahi', NULL, NULL, NULL, -6.875808, 107.540752),
(273, 'BANDUNG', 'BANDUNG', 'S3', 'Optik  Suci ', 'Jl. RS. Dustira No. 114 Cimahi', NULL, NULL, NULL, -6.885761, 107.532103);

-- --------------------------------------------------------

--
-- Table structure for table `review`
--

CREATE TABLE IF NOT EXISTS `review` (
  `id` int(11) NOT NULL AUTO_INCREMENT,
  `user` varchar(32) NOT NULL,
  `date` date NOT NULL,
  `time` time NOT NULL,
  `faskes` int(11) NOT NULL,
  `notes` text NOT NULL,
  `score` int(11) NOT NULL,
  PRIMARY KEY (`id`)
) ENGINE=InnoDB  DEFAULT CHARSET=utf8 AUTO_INCREMENT=22 ;

--
-- Dumping data for table `review`
--

INSERT INTO `review` (`id`, `user`, `date`, `time`, `faskes`, `notes`, `score`) VALUES
(1, 'a@a.a', '0000-00-00', '00:00:00', 3, '112412', 2),
(2, 'a@a.a', '1994-12-19', '08:09:00', 3, 'Quickfire', 4),
(3, 'a@a.a', '2014-09-10', '01:01:00', 12, '14241414', 2),
(4, 'a@a.a', '2014-09-26', '00:00:00', 130, 'Dr. Linda itu cantik, baik hati, dan murah meriah. Saya harap saya bisa bertemu lagi tapi dalam kondisi sehat.', 4),
(5, 'a@a.a', '2014-02-02', '13:00:00', 13, 'Pelayanan disini cukup baik, pegawainya ramah, antrian cepat. Saya tidak dikenakan biaya satupun. Terimakasih BPJS', 4),
(6, 'a@a.a', '1993-09-08', '02:02:00', 9, 'Yang di buah batu ini antriannya lama coz orangnya bnyk\r\n\r\nSmoga pemerintah memperbaikinya dan menghilangkan orang-orang korupsi\r\n\r\nSalam Gigit Jari!', 2),
(7, 'a@a.a', '2013-07-06', '20:00:00', 18, 'Bapak dokternya asik, jago. Saya cuma sakit demam ternyata. Obatnya juga gratis. Semoga bapaknya sehat selalu diberikan umur panjang', 4),
(8, 'a@a.a', '2014-06-07', '13:00:00', 16, 'Gue harus bayar nambah dech soalnya obatnya mahal aslinya. Gapapa deh ^^\r\n\r\nSukses untuk Cijagra!', 3),
(9, 'a@a.a', '2014-08-09', '16:00:00', 15, 'penting bgt punya asuransi. Super plus kl ditanggung kantor kyk gue, kalo ngga segera daftar deh, misalnya bpjs..', 5),
(10, 'a@a.a', '2014-05-05', '17:00:00', 12, 'BPJS Benar Benar Badan Penipu Jaminan Sosial ', 1),
(11, 'a@a.a', '2013-08-08', '18:30:00', 51, 'Ketika saya sampai di tempat, dokternya katanya kosong. akan tetapi karena saya lagi butuh banget dan ini wilayah terdekat saya ya saya tunggu. Setelah 2 jam lewat saya sudah hampir pingsan, tapi akhrinya dipanggil juga. ternyata dokternya cuma 3 doang dan yang ngantri banyak........semoga pemerintah memperhatikan ini besok-besok', 3),
(12, 'a@a.a', '2013-12-09', '01:23:00', 8, 'LAMAAAA BANGEEET', 4),
(13, 'a@a.a', '2013-12-09', '01:23:00', 8, 'Pelayanannya memuaskan banget,pokoknya seru banget deh ke rumah sakit itu ', 1),
(14, 'a@a.a', '2014-02-05', '02:31:00', 8, 'Amfuuuun ga kuwaaad, pusing gini masih ngantrii', 2),
(15, 'a@a.a', '2014-09-11', '13:45:00', 8, 'Teladan banget huoooo', 4),
(16, 'a@a.a', '2014-09-27', '19:08:00', 8, 'Terimakasih , layanannya cepat dan saya dterima sebagai penyandang bpjs', 5),
(17, 'a@a.a', '2014-09-09', '00:33:00', 9, 'Cukup dekat dan cukup menyenangkan', 4),
(18, 'a@a.a', '2015-12-12', '12:31:00', 9, 'Saya tidak bisa melakukan pemeriksaan rutin , saya ditolak oleh dokternya,', 3),
(19, 'a@a.a', '2013-12-11', '12:33:00', 10, 'saya masih harus disuruh mengurus beberapa persyaratan yang tak perlu', 3),
(20, 'a@a.a', '2014-09-11', '12:12:00', 9, 'pelayanannya cepat, saya bisa cuci darah di sini', 4),
(21, 'a@a.a', '2014-09-04', '00:13:00', 9, 'Enak, ga ada koruptor', 4);

-- --------------------------------------------------------

--
-- Table structure for table `statistik`
--

CREATE TABLE IF NOT EXISTS `statistik` (
  `id` int(3) NOT NULL AUTO_INCREMENT,
  `avr_pengunjung` int(255) NOT NULL,
  `rating` int(1) NOT NULL,
  PRIMARY KEY (`id`)
) ENGINE=InnoDB  DEFAULT CHARSET=latin1 AUTO_INCREMENT=274 ;

--
-- Dumping data for table `statistik`
--

INSERT INTO `statistik` (`id`, `avr_pengunjung`, `rating`) VALUES
(1, 300000, 3),
(2, 25000, 2),
(3, 252, 2),
(4, 12313, 2),
(5, 33, 2),
(6, 1241213, 2),
(7, 233, 2),
(8, 339, 2),
(9, 233, 2),
(10, 2509, 2),
(11, 2509, 2),
(12, 2509, 2),
(13, 2509, 2),
(14, 2509, 2),
(15, 2509, 2),
(16, 2509, 2),
(17, 2509, 2),
(18, 2509, 2),
(19, 2509, 2),
(20, 2509, 2),
(21, 2509, 2),
(22, 2509, 2),
(23, 2509, 2),
(24, 2509, 2),
(25, 2509, 2),
(26, 2509, 2),
(27, 2509, 2),
(28, 2509, 2),
(29, 2509, 2),
(30, 2509, 2),
(31, 2509, 2),
(32, 2509, 2),
(33, 2509, 2),
(34, 2509, 2),
(35, 2509, 2),
(36, 2509, 2),
(37, 2509, 2),
(38, 2509, 2),
(39, 2509, 2),
(40, 2509, 2),
(41, 2509, 2),
(42, 2509, 2),
(43, 2509, 2),
(44, 2509, 2),
(45, 2509, 2),
(46, 2509, 2),
(47, 2509, 2),
(48, 2509, 2),
(49, 2509, 2),
(50, 2509, 2),
(51, 2509, 2),
(52, 2509, 2),
(53, 2509, 2),
(54, 2509, 2),
(55, 2509, 2),
(56, 2509, 2),
(57, 2509, 2),
(58, 2509, 2),
(59, 2509, 2),
(60, 2509, 2),
(61, 2509, 2),
(62, 2509, 2),
(63, 2509, 2),
(64, 2509, 2),
(65, 2509, 2),
(66, 2509, 2),
(67, 2509, 2),
(68, 2509, 2),
(69, 2509, 2),
(70, 2509, 2),
(71, 2509, 2),
(72, 2509, 2),
(73, 2509, 2),
(74, 2509, 2),
(75, 2509, 2),
(76, 2509, 2),
(77, 2509, 2),
(78, 2509, 2),
(79, 2509, 2),
(80, 2509, 2),
(81, 2509, 2),
(82, 2509, 2),
(83, 2509, 2),
(84, 2509, 2),
(85, 2509, 2),
(86, 2509, 2),
(87, 2509, 2),
(88, 2509, 2),
(89, 2509, 2),
(90, 2509, 2),
(91, 2509, 2),
(92, 2509, 2),
(93, 2509, 2),
(94, 2509, 2),
(95, 2509, 2),
(96, 2509, 2),
(97, 2509, 2),
(98, 2509, 2),
(99, 2509, 2),
(100, 2509, 2),
(101, 2509, 2),
(102, 2509, 2),
(103, 2509, 2),
(104, 2509, 2),
(105, 2509, 2),
(106, 2509, 2),
(107, 2509, 2),
(108, 2509, 2),
(109, 2509, 2),
(110, 2509, 2),
(111, 2509, 2),
(112, 2509, 2),
(113, 2509, 2),
(114, 2509, 2),
(115, 2509, 2),
(116, 2509, 2),
(117, 2509, 2),
(118, 2509, 2),
(119, 2509, 2),
(120, 2509, 2),
(121, 2509, 2),
(122, 2509, 2),
(123, 2509, 2),
(124, 2509, 2),
(125, 2509, 2),
(126, 2509, 2),
(127, 2509, 2),
(128, 2509, 2),
(129, 2509, 2),
(130, 2509, 2),
(131, 2509, 2),
(132, 2509, 2),
(133, 2509, 2),
(134, 2509, 2),
(135, 2509, 2),
(136, 2509, 2),
(137, 2509, 2),
(138, 2509, 2),
(139, 2509, 2),
(140, 2509, 2),
(141, 2509, 2),
(142, 2509, 2),
(143, 2509, 2),
(144, 2509, 2),
(145, 2509, 2),
(146, 2509, 2),
(147, 2509, 2),
(148, 2509, 2),
(149, 2509, 2),
(150, 2509, 2),
(151, 2509, 2),
(152, 2509, 2),
(153, 2509, 2),
(154, 2509, 2),
(155, 2509, 2),
(156, 2509, 2),
(157, 2509, 2),
(158, 2509, 2),
(159, 2509, 2),
(160, 2509, 2),
(161, 2509, 2),
(162, 2509, 2),
(163, 2509, 2),
(164, 2509, 2),
(165, 2509, 2),
(166, 2509, 2),
(167, 2509, 2),
(168, 2509, 2),
(169, 2509, 2),
(170, 2509, 2),
(171, 2509, 2),
(172, 2509, 2),
(173, 2509, 2),
(174, 2509, 2),
(175, 2509, 2),
(176, 2509, 2),
(177, 2509, 2),
(178, 2509, 2),
(179, 2509, 2),
(180, 2509, 2),
(181, 2509, 2),
(182, 2509, 2),
(183, 2509, 2),
(184, 2509, 2),
(185, 2509, 2),
(186, 2509, 2),
(187, 2509, 2),
(188, 2509, 2),
(189, 2509, 2),
(190, 2509, 2),
(191, 2509, 2),
(192, 2509, 2),
(193, 2509, 2),
(194, 2509, 2),
(195, 2509, 2),
(196, 2509, 2),
(197, 2509, 2),
(198, 2509, 2),
(199, 2509, 2),
(200, 2509, 2),
(201, 2509, 2),
(202, 2509, 2),
(203, 2509, 2),
(204, 2509, 2),
(205, 2509, 2),
(206, 2509, 2),
(207, 2509, 2),
(208, 2509, 2),
(209, 2509, 2),
(210, 2509, 2),
(211, 2509, 2),
(212, 2509, 2),
(213, 2509, 2),
(214, 2509, 2),
(215, 2509, 2),
(216, 2509, 2),
(217, 2509, 2),
(218, 2509, 2),
(219, 2509, 2),
(220, 2509, 2),
(221, 2509, 2),
(222, 2509, 2),
(223, 2509, 2),
(224, 2509, 2),
(225, 2509, 2),
(226, 2509, 2),
(227, 2509, 2),
(228, 2509, 2),
(229, 2509, 2),
(230, 2509, 2),
(231, 2509, 2),
(232, 2509, 2),
(233, 2509, 2),
(234, 2509, 2),
(235, 2509, 2),
(236, 2509, 2),
(237, 2509, 2),
(238, 2509, 2),
(239, 2509, 2),
(240, 2509, 2),
(241, 2509, 2),
(242, 2509, 2),
(243, 2509, 2),
(244, 2509, 2),
(245, 2509, 2),
(246, 2509, 2),
(247, 2509, 2),
(248, 2509, 2),
(249, 2509, 2),
(250, 2509, 2),
(251, 2509, 2),
(252, 2509, 2),
(253, 2509, 2),
(254, 2509, 2),
(255, 2509, 2),
(256, 2509, 2),
(257, 2509, 2),
(258, 2509, 2),
(259, 2509, 2),
(260, 2509, 2),
(261, 2509, 2),
(262, 2509, 2),
(263, 2509, 2),
(264, 2509, 2),
(265, 2509, 2),
(266, 2509, 2),
(267, 2509, 2),
(268, 2509, 2),
(269, 2509, 2),
(270, 2509, 2),
(271, 2509, 2),
(272, 2509, 2),
(273, 2509, 2);

-- --------------------------------------------------------

--
-- Table structure for table `tarif`
--

CREATE TABLE IF NOT EXISTS `tarif` (
  `penyakit` varchar(100) NOT NULL,
  `class` varchar(3) NOT NULL,
  `harga` int(100) NOT NULL
) ENGINE=InnoDB DEFAULT CHARSET=latin1;

--
-- Dumping data for table `tarif`
--

INSERT INTO `tarif` (`penyakit`, `class`, `harga`) VALUES
('dialisis', 'A', 1430283),
('persalinan_caesar', 'A', 3409307),
('vaksinasi', 'A', 3220832),
('rontgent', 'A', 254500),
('dialisis', 'B', 1018025),
('persalinan_caesar', 'B', 2750174),
('vaksinasi', 'B', 106130),
('rontgent', 'B', 132122),
('dialisis', 'C', 920117),
('persalinan_caesar', 'C', 2485679),
('vaksinasi', 'C', 102172),
('rontgent', 'C', 129366);

-- --------------------------------------------------------

--
-- Table structure for table `type_faskes`
--

CREATE TABLE IF NOT EXISTS `type_faskes` (
  `type` varchar(2) NOT NULL,
  `tingkat` varchar(16) NOT NULL,
  `jenis` varchar(64) NOT NULL,
  PRIMARY KEY (`type`)
) ENGINE=InnoDB DEFAULT CHARSET=utf8;

--
-- Dumping data for table `type_faskes`
--

INSERT INTO `type_faskes` (`type`, `tingkat`, `jenis`) VALUES
('L1', 'Tingkat Lanjutan', 'RSUP/RSUD'),
('L2', 'Tingkat Lanjutan', 'RS TNI'),
('L3', 'Tingkat Lanjutan', 'RS POLRI'),
('L4', 'Tingkat Lanjutan', 'RS SWASTA'),
('L5', 'Tingkat Lanjutan', 'RS Khusus Pemerintah'),
('L6', 'Tingkat Lanjutan', 'KLINIK UTAMA/BALAI KESEHATAN MASYARAKAT/PRAKTIK DOKTER SPESIALIS'),
('P1', 'Tingkat Pertama', 'Puskesmas'),
('P2', 'Tingkat Pertama', 'Dokter Umum Praktik Mandiri'),
('P3', 'Tingkat Pertama', 'Dokter Gigi/Klinik Gigi'),
('P4', 'Tingkat Pertama', 'Klinik Pratama'),
('P5', 'Tingkat Pertama', 'Faskes Tk1 TNI'),
('P6', 'Tingkat Pertama', 'Faskes Tk1 POLRI'),
('P7', 'Tingkat Pertama', 'RS Klas D Pratama/RS Bersalin/Balai Pengobatan'),
('S1', 'Penunjang', 'APOTEK'),
('S2', 'Penunjang', 'LAB'),
('S3', 'Penunjang', 'OPTIK'),
('S4', 'Penunjang', 'BIDAN/PERAWAT'),
('S5', 'Penunjang', 'FASKES PENUNJANG LAIN');

/*!40101 SET CHARACTER_SET_CLIENT=@OLD_CHARACTER_SET_CLIENT */;
/*!40101 SET CHARACTER_SET_RESULTS=@OLD_CHARACTER_SET_RESULTS */;
/*!40101 SET COLLATION_CONNECTION=@OLD_COLLATION_CONNECTION */;
